[{"model": "admin.logentry", "pk": 1, "fields": {"action_time": "2026-03-02T14:45:38.643Z", "user": 4, "content_type": 6, "object_id": "5", "object_repr": "sunflower (Student)", "action_flag": 1, "change_message": "[{\"added\": {}}]"}}, {"model": "admin.logentry", "pk": 2, "fields": {"action_time": "2026-03-02T14:51:19.066Z", "user": 4, "content_type": 6, "object_id": "6", "object_repr": "khushibarole (Trainer)", "action_flag": 1, "change_message": "[{\"added\": {}}]"}}, {"model": "admin.logentry", "pk": 3, "fields": {"action_time": "2026-03-02T14:52:30.400Z", "user": 4, "content_type": 6, "object_id": "1", "object_repr": "khushibarole15 (Student)", "action_flag": 3, "change_message": ""}}, {"model": "admin.logentry", "pk": 4, "fields": {"action_time": "2026-03-02T18:05:13.326Z", "user": 4, "content_type": 7, "object_id": "1", "object_repr": "Master in Cyber Security", "action_flag": 1, "change_message": "[{\"added\": {}}]"}}, {"model": "admin.logentry", "pk": 5, "fields": {"action_time": "2026-03-02T18:06:02.216Z", "user": 4, "content_type": 8, "object_id": "1", "object_repr": "Master in Cyber security - Master in Cyber Security", "action_flag": 1, "change_message": "[{\"added\": {}}]"}}, {"model": "admin.logentry", "pk": 6, "fields": {"action_time": "2026-03-02T18:13:11.242Z", "user": 4, "content_type": 9, "object_id": "1", "object_repr": "sunflower - Master in Cyber security", "action_flag": 1, "change_message": "[{\"added\": {}}]"}}, {"model": "admin.logentry", "pk": 7, "fields": {"action_time": "2026-03-04T06:46:32.817Z", "user": 4, "content_type": 6, "object_id": "7", "object_repr": "test_student (Student)", "action_flag": 3, "change_message": ""}}, {"model": "admin.logentry", "pk": 8, "fields": {"action_time": "2026-03-04T06:46:32.817Z", "user": 4, "content_type": 6, "object_id": "3", "object_repr": "xz12345 (Trainer)", "action_flag": 3, "change_message": ""}}, {"model": "admin.logentry", "pk": 9, "fields": {"action_time": "2026-03-04T10:24:49.413Z", "user": 4, "content_type": 8, "object_id": "2", "object_repr": "Khushi - Master in Cyber Security", "action_flag": 1, "change_message": "[{\"added\": {}}]"}}, {"model": "admin.logentry", "pk": 10, "fields": {"action_time": "2026-03-04T10:25:04.669Z", "user": 4, "content_type": 8, "object_id": "2", "object_repr": "Khushi - Master in Cyber Security", "action_flag": 3, "change_message": ""}}, {"model": "admin.logentry", "pk": 11, "fields": {"action_time": "2026-03-04T16:36:11.431Z", "user": 4, "content_type": 6, "object_id": "6", "object_repr": "khushibarole (Trainer)", "action_flag": 2, "change_message": "[{\"changed\": {\"fields\": [\"password\"]}}]"}}, {"model": "admin.logentry", "pk": 12, "fields": {"action_time": "2026-03-04T16:57:39.681Z", "user": 4, "content_type": 6, "object_id": "6", "object_repr": "khushibarole (Trainer)", "action_flag": 2, "change_message": "[{\"changed\": {\"fields\": [\"password\"]}}]"}}, {"model": "admin.logentry", "pk": 13, "fields": {"action_time": "2026-03-04T17:04:05.152Z", "user": 4, "content_type": 6, "object_id": "5", "object_repr": "sunflower (Student)", "action_flag": 2, "change_message": "[{\"changed\": {\"fields\": [\"password\"]}}]"}}, {"model": "admin.logentry", "pk": 14, "fields": {"action_time": "2026-03-05T03:34:03.262Z", "user": 4, "content_type": 6, "object_id": "5", "object_repr": "sunflower (Student)", "action_flag": 2, "change_message": "[{\"changed\": {\"fields\": [\"password\"]}}]"}}, {"model": "admin.logentry", "pk": 15, "fields": {"action_time": "2026-03-05T09:54:27.158Z", "user": 4, "content_type": 18, "object_id": "1", "object_repr": "Master in Cyber security - 2026-03-04", "action_flag": 2, "change_message": "[{\"changed\": {\"fields\": [\"Topics covered\"]}}]"}}, {"model": "admin.logentry", "pk": 16, "fields": {"action_time": "2026-03-05T09:58:29.954Z", "user": 4, "content_type": 20, "object_id": "4", "object_repr": "Cryptography - 2026-03-04", "action_flag": 1, "change_message": "[{\"added\": {}}]"}}, {"model": "admin.logentry", "pk": 17, "fields": {"action_time": "2026-03-05T09:58:36.001Z", "user": 4, "content_type": 19, "object_id": "4", "object_repr": "sunflower - Cryptography (Pending)", "action_flag": 1, "change_message": "[{\"added\": {}}]"}}, {"model": "admin.logentry", "pk": 18, "fields": {"action_time": "2026-03-05T15:54:27.953Z", "user": 4, "content_type": 24, "object_id": "1", "object_repr": "StudentProfile object (1)", "action_flag": 2, "change_message": "[{\"changed\": {\"fields\": [\"Full name\", \"Father name\", \"Mother name\", \"Date of birth\", \"Contact number\", \"Address\", \"Pincode\", \"Course start date\", \"Profile photo\"]}}]"}}, {"model": "admin.logentry", "pk": 19, "fields": {"action_time": "2026-03-05T15:54:43.399Z", "user": 4, "content_type": 24, "object_id": "1", "object_repr": "StudentProfile object (1)", "action_flag": 2, "change_message": "[]"}}, {"model": "admin.logentry", "pk": 20, "fields": {"action_time": "2026-03-05T16:07:19.533Z", "user": 4, "content_type": 24, "object_id": "1", "object_repr": "StudentProfile object (1)", "action_flag": 2, "change_message": "[{\"changed\": {\"fields\": [\"Profile photo\"]}}]"}}, {"model": "admin.logentry", "pk": 21, "fields": {"action_time": "2026-03-07T09:44:54.451Z", "user": 4, "content_type": 25, "object_id": "1", "object_repr": "sunflower - Job support", "action_flag": 2, "change_message": "[]"}}, {"model": "admin.logentry", "pk": 22, "fields": {"action_time": "2026-03-07T12:45:53.481Z", "user": 4, "content_type": 25, "object_id": "3", "object_repr": "sunflower - sfzjhkzjlsjzl", "action_flag": 2, "change_message": "[]"}}, {"model": "admin.logentry", "pk": 23, "fields": {"action_time": "2026-03-10T15:39:34.755Z", "user": 4, "content_type": 7, "object_id": "2", "object_repr": "C PROGRAMMING", "action_flag": 1, "change_message": "[{\"added\": {}}]"}}, {"model": "admin.logentry", "pk": 24, "fields": {"action_time": "2026-03-10T15:41:06.410Z", "user": 4, "content_type": 6, "object_id": "9", "object_repr": "JamesSharma22 (Student)", "action_flag": 1, "change_message": "[{\"added\": {}}]"}}, {"model": "admin.logentry", "pk": 25, "fields": {"action_time": "2026-03-10T15:42:28.849Z", "user": 4, "content_type": 24, "object_id": "2", "object_repr": "StudentProfile object (2)", "action_flag": 1, "change_message": "[{\"added\": {}}]"}}, {"model": "admin.logentry", "pk": 26, "fields": {"action_time": "2026-03-10T15:43:16.844Z", "user": 4, "content_type": 8, "object_id": "3", "object_repr": "C Programming - C PROGRAMMING", "action_flag": 1, "change_message": "[{\"added\": {}}]"}}, {"model": "admin.logentry", "pk": 27, "fields": {"action_time": "2026-03-10T15:43:26.005Z", "user": 4, "content_type": 8, "object_id": "3", "object_repr": "C Programming - C PROGRAMMING", "action_flag": 2, "change_message": "[]"}}, {"model": "admin.logentry", "pk": 28, "fields": {"action_time": "2026-03-10T15:43:58.487Z", "user": 4, "content_type": 9, "object_id": "2", "object_repr": "JamesSharma22 - C Programming", "action_flag": 1, "change_message": "[{\"added\": {}}]"}}, {"model": "admin.logentry", "pk": 29, "fields": {"action_time": "2026-03-10T16:03:47.140Z", "user": 4, "content_type": 28, "object_id": "1", "object_repr": "C PROGRAMMING - Topic 1: Introduction to C", "action_flag": 1, "change_message": "[{\"added\": {}}]"}}, {"model": "admin.logentry", "pk": 30, "fields": {"action_time": "2026-03-10T16:07:12.575Z", "user": 4, "content_type": 28, "object_id": "2", "object_repr": "C PROGRAMMING - Topic 2: C Development Environment", "action_flag": 1, "change_message": "[{\"added\": {}}]"}}, {"model": "admin.logentry", "pk": 31, "fields": {"action_time": "2026-03-10T16:07:39.023Z", "user": 4, "content_type": 28, "object_id": "3", "object_repr": "C PROGRAMMING - Topic 3: C Program Structure", "action_flag": 1, "change_message": "[{\"added\": {}}]"}}, {"model": "admin.logentry", "pk": 32, "fields": {"action_time": "2026-03-10T16:08:00.505Z", "user": 4, "content_type": 28, "object_id": "1", "object_repr": "C PROGRAMMING - Topic 1: Introduction to C", "action_flag": 2, "change_message": "[]"}}, {"model": "admin.logentry", "pk": 33, "fields": {"action_time": "2026-03-10T16:08:29.088Z", "user": 4, "content_type": 28, "object_id": "4", "object_repr": "C PROGRAMMING - Topic 4: Basic Concepts in C", "action_flag": 1, "change_message": "[{\"added\": {}}]"}}, {"model": "admin.logentry", "pk": 34, "fields": {"action_time": "2026-03-26T09:43:30.289Z", "user": 4, "content_type": 6, "object_id": "9", "object_repr": "JamesSharma22 (Student)", "action_flag": 2, "change_message": "[{\"changed\": {\"fields\": [\"password\"]}}]"}}, {"model": "admin.logentry", "pk": 35, "fields": {"action_time": "2026-03-26T09:45:05.372Z", "user": 4, "content_type": 6, "object_id": "9", "object_repr": "JamesSharma22 (Student)", "action_flag": 2, "change_message": "[{\"changed\": {\"fields\": [\"password\"]}}]"}}, {"model": "auth.permission", "pk": 1, "fields": {"name": "Can add log entry", "content_type": 1, "codename": "add_logentry"}}, {"model": "auth.permission", "pk": 2, "fields": {"name": "Can change log entry", "content_type": 1, "codename": "change_logentry"}}, {"model": "auth.permission", "pk": 3, "fields": {"name": "Can delete log entry", "content_type": 1, "codename": "delete_logentry"}}, {"model": "auth.permission", "pk": 4, "fields": {"name": "Can view log entry", "content_type": 1, "codename": "view_logentry"}}, {"model": "auth.permission", "pk": 5, "fields": {"name": "Can add permission", "content_type": 3, "codename": "add_permission"}}, {"model": "auth.permission", "pk": 6, "fields": {"name": "Can change permission", "content_type": 3, "codename": "change_permission"}}, {"model": "auth.permission", "pk": 7, "fields": {"name": "Can delete permission", "content_type": 3, "codename": "delete_permission"}}, {"model": "auth.permission", "pk": 8, "fields": {"name": "Can view permission", "content_type": 3, "codename": "view_permission"}}, {"model": "auth.permission", "pk": 9, "fields": {"name": "Can add group", "content_type": 2, "codename": "add_group"}}, {"model": "auth.permission", "pk": 10, "fields": {"name": "Can change group", "content_type": 2, "codename": "change_group"}}, {"model": "auth.permission", "pk": 11, "fields": {"name": "Can delete group", "content_type": 2, "codename": "delete_group"}}, {"model": "auth.permission", "pk": 12, "fields": {"name": "Can view group", "content_type": 2, "codename": "view_group"}}, {"model": "auth.permission", "pk": 13, "fields": {"name": "Can add content type", "content_type": 4, "codename": "add_contenttype"}}, {"model": "auth.permission", "pk": 14, "fields": {"name": "Can change content type", "content_type": 4, "codename": "change_contenttype"}}, {"model": "auth.permission", "pk": 15, "fields": {"name": "Can delete content type", "content_type": 4, "codename": "delete_contenttype"}}, {"model": "auth.permission", "pk": 16, "fields": {"name": "Can view content type", "content_type": 4, "codename": "view_contenttype"}}, {"model": "auth.permission", "pk": 17, "fields": {"name": "Can add session", "content_type": 5, "codename": "add_session"}}, {"model": "auth.permission", "pk": 18, "fields": {"name": "Can change session", "content_type": 5, "codename": "change_session"}}, {"model": "auth.permission", "pk": 19, "fields": {"name": "Can delete session", "content_type": 5, "codename": "delete_session"}}, {"model": "auth.permission", "pk": 20, "fields": {"name": "Can view session", "content_type": 5, "codename": "view_session"}}, {"model": "auth.permission", "pk": 21, "fields": {"name": "Can add user", "content_type": 6, "codename": "add_user"}}, {"model": "auth.permission", "pk": 22, "fields": {"name": "Can change user", "content_type": 6, "codename": "change_user"}}, {"model": "auth.permission", "pk": 23, "fields": {"name": "Can delete user", "content_type": 6, "codename": "delete_user"}}, {"model": "auth.permission", "pk": 24, "fields": {"name": "Can view user", "content_type": 6, "codename": "view_user"}}, {"model": "auth.permission", "pk": 25, "fields": {"name": "Can add course", "content_type": 7, "codename": "add_course"}}, {"model": "auth.permission", "pk": 26, "fields": {"name": "Can change course", "content_type": 7, "codename": "change_course"}}, {"model": "auth.permission", "pk": 27, "fields": {"name": "Can delete course", "content_type": 7, "codename": "delete_course"}}, {"model": "auth.permission", "pk": 28, "fields": {"name": "Can view course", "content_type": 7, "codename": "view_course"}}, {"model": "auth.permission", "pk": 29, "fields": {"name": "Can add batch", "content_type": 8, "codename": "add_batch"}}, {"model": "auth.permission", "pk": 30, "fields": {"name": "Can change batch", "content_type": 8, "codename": "change_batch"}}, {"model": "auth.permission", "pk": 31, "fields": {"name": "Can delete batch", "content_type": 8, "codename": "delete_batch"}}, {"model": "auth.permission", "pk": 32, "fields": {"name": "Can view batch", "content_type": 8, "codename": "view_batch"}}, {"model": "auth.permission", "pk": 33, "fields": {"name": "Can add enrollment", "content_type": 9, "codename": "add_enrollment"}}, {"model": "auth.permission", "pk": 34, "fields": {"name": "Can change enrollment", "content_type": 9, "codename": "change_enrollment"}}, {"model": "auth.permission", "pk": 35, "fields": {"name": "Can delete enrollment", "content_type": 9, "codename": "delete_enrollment"}}, {"model": "auth.permission", "pk": 36, "fields": {"name": "Can view enrollment", "content_type": 9, "codename": "view_enrollment"}}, {"model": "auth.permission", "pk": 37, "fields": {"name": "Can add material", "content_type": 10, "codename": "add_material"}}, {"model": "auth.permission", "pk": 38, "fields": {"name": "Can change material", "content_type": 10, "codename": "change_material"}}, {"model": "auth.permission", "pk": 39, "fields": {"name": "Can delete material", "content_type": 10, "codename": "delete_material"}}, {"model": "auth.permission", "pk": 40, "fields": {"name": "Can view material", "content_type": 10, "codename": "view_material"}}, {"model": "auth.permission", "pk": 41, "fields": {"name": "Can add test attempt", "content_type": 13, "codename": "add_testattempt"}}, {"model": "auth.permission", "pk": 42, "fields": {"name": "Can change test attempt", "content_type": 13, "codename": "change_testattempt"}}, {"model": "auth.permission", "pk": 43, "fields": {"name": "Can delete test attempt", "content_type": 13, "codename": "delete_testattempt"}}, {"model": "auth.permission", "pk": 44, "fields": {"name": "Can view test attempt", "content_type": 13, "codename": "view_testattempt"}}, {"model": "auth.permission", "pk": 45, "fields": {"name": "Can add test", "content_type": 12, "codename": "add_test"}}, {"model": "auth.permission", "pk": 46, "fields": {"name": "Can change test", "content_type": 12, "codename": "change_test"}}, {"model": "auth.permission", "pk": 47, "fields": {"name": "Can delete test", "content_type": 12, "codename": "delete_test"}}, {"model": "auth.permission", "pk": 48, "fields": {"name": "Can view test", "content_type": 12, "codename": "view_test"}}, {"model": "auth.permission", "pk": 49, "fields": {"name": "Can add question", "content_type": 11, "codename": "add_question"}}, {"model": "auth.permission", "pk": 50, "fields": {"name": "Can change question", "content_type": 11, "codename": "change_question"}}, {"model": "auth.permission", "pk": 51, "fields": {"name": "Can delete question", "content_type": 11, "codename": "delete_question"}}, {"model": "auth.permission", "pk": 52, "fields": {"name": "Can view question", "content_type": 11, "codename": "view_question"}}, {"model": "auth.permission", "pk": 53, "fields": {"name": "Can add recommendation", "content_type": 14, "codename": "add_recommendation"}}, {"model": "auth.permission", "pk": 54, "fields": {"name": "Can change recommendation", "content_type": 14, "codename": "change_recommendation"}}, {"model": "auth.permission", "pk": 55, "fields": {"name": "Can delete recommendation", "content_type": 14, "codename": "delete_recommendation"}}, {"model": "auth.permission", "pk": 56, "fields": {"name": "Can view recommendation", "content_type": 14, "codename": "view_recommendation"}}, {"model": "auth.permission", "pk": 57, "fields": {"name": "Can add certification application", "content_type": 15, "codename": "add_certificationapplication"}}, {"model": "auth.permission", "pk": 58, "fields": {"name": "Can change certification application", "content_type": 15, "codename": "change_certificationapplication"}}, {"model": "auth.permission", "pk": 59, "fields": {"name": "Can delete certification application", "content_type": 15, "codename": "delete_certificationapplication"}}, {"model": "auth.permission", "pk": 60, "fields": {"name": "Can view certification application", "content_type": 15, "codename": "view_certificationapplication"}}, {"model": "auth.permission", "pk": 61, "fields": {"name": "Can add certificate", "content_type": 16, "codename": "add_certificate"}}, {"model": "auth.permission", "pk": 62, "fields": {"name": "Can change certificate", "content_type": 16, "codename": "change_certificate"}}, {"model": "auth.permission", "pk": 63, "fields": {"name": "Can delete certificate", "content_type": 16, "codename": "delete_certificate"}}, {"model": "auth.permission", "pk": 64, "fields": {"name": "Can view certificate", "content_type": 16, "codename": "view_certificate"}}, {"model": "auth.permission", "pk": 65, "fields": {"name": "Can add attendance", "content_type": 17, "codename": "add_attendance"}}, {"model": "auth.permission", "pk": 66, "fields": {"name": "Can change attendance", "content_type": 17, "codename": "change_attendance"}}, {"model": "auth.permission", "pk": 67, "fields": {"name": "Can delete attendance", "content_type": 17, "codename": "delete_attendance"}}, {"model": "auth.permission", "pk": 68, "fields": {"name": "Can view attendance", "content_type": 17, "codename": "view_attendance"}}, {"model": "auth.permission", "pk": 69, "fields": {"name": "Can add topic acknowledgement", "content_type": 19, "codename": "add_topicacknowledgement"}}, {"model": "auth.permission", "pk": 70, "fields": {"name": "Can change topic acknowledgement", "content_type": 19, "codename": "change_topicacknowledgement"}}, {"model": "auth.permission", "pk": 71, "fields": {"name": "Can delete topic acknowledgement", "content_type": 19, "codename": "delete_topicacknowledgement"}}, {"model": "auth.permission", "pk": 72, "fields": {"name": "Can view topic acknowledgement", "content_type": 19, "codename": "view_topicacknowledgement"}}, {"model": "auth.permission", "pk": 73, "fields": {"name": "Can add class session", "content_type": 18, "codename": "add_classsession"}}, {"model": "auth.permission", "pk": 74, "fields": {"name": "Can change class session", "content_type": 18, "codename": "change_classsession"}}, {"model": "auth.permission", "pk": 75, "fields": {"name": "Can delete class session", "content_type": 18, "codename": "delete_classsession"}}, {"model": "auth.permission", "pk": 76, "fields": {"name": "Can view class session", "content_type": 18, "codename": "view_classsession"}}, {"model": "auth.permission", "pk": 77, "fields": {"name": "Can add session topic", "content_type": 20, "codename": "add_sessiontopic"}}, {"model": "auth.permission", "pk": 78, "fields": {"name": "Can change session topic", "content_type": 20, "codename": "change_sessiontopic"}}, {"model": "auth.permission", "pk": 79, "fields": {"name": "Can delete session topic", "content_type": 20, "codename": "delete_sessiontopic"}}, {"model": "auth.permission", "pk": 80, "fields": {"name": "Can view session topic", "content_type": 20, "codename": "view_sessiontopic"}}, {"model": "auth.permission", "pk": 81, "fields": {"name": "Can add trainer profile", "content_type": 22, "codename": "add_trainerprofile"}}, {"model": "auth.permission", "pk": 82, "fields": {"name": "Can change trainer profile", "content_type": 22, "codename": "change_trainerprofile"}}, {"model": "auth.permission", "pk": 83, "fields": {"name": "Can delete trainer profile", "content_type": 22, "codename": "delete_trainerprofile"}}, {"model": "auth.permission", "pk": 84, "fields": {"name": "Can view trainer profile", "content_type": 22, "codename": "view_trainerprofile"}}, {"model": "auth.permission", "pk": 85, "fields": {"name": "Can add trainer login log", "content_type": 21, "codename": "add_trainerloginlog"}}, {"model": "auth.permission", "pk": 86, "fields": {"name": "Can change trainer login log", "content_type": 21, "codename": "change_trainerloginlog"}}, {"model": "auth.permission", "pk": 87, "fields": {"name": "Can delete trainer login log", "content_type": 21, "codename": "delete_trainerloginlog"}}, {"model": "auth.permission", "pk": 88, "fields": {"name": "Can view trainer login log", "content_type": 21, "codename": "view_trainerloginlog"}}, {"model": "auth.permission", "pk": 89, "fields": {"name": "Can add employee attendance log", "content_type": 23, "codename": "add_employeeattendancelog"}}, {"model": "auth.permission", "pk": 90, "fields": {"name": "Can change employee attendance log", "content_type": 23, "codename": "change_employeeattendancelog"}}, {"model": "auth.permission", "pk": 91, "fields": {"name": "Can delete employee attendance log", "content_type": 23, "codename": "delete_employeeattendancelog"}}, {"model": "auth.permission", "pk": 92, "fields": {"name": "Can view employee attendance log", "content_type": 23, "codename": "view_employeeattendancelog"}}, {"model": "auth.permission", "pk": 93, "fields": {"name": "Can add student profile", "content_type": 24, "codename": "add_studentprofile"}}, {"model": "auth.permission", "pk": 94, "fields": {"name": "Can change student profile", "content_type": 24, "codename": "change_studentprofile"}}, {"model": "auth.permission", "pk": 95, "fields": {"name": "Can delete student profile", "content_type": 24, "codename": "delete_studentprofile"}}, {"model": "auth.permission", "pk": 96, "fields": {"name": "Can view student profile", "content_type": 24, "codename": "view_studentprofile"}}, {"model": "auth.permission", "pk": 97, "fields": {"name": "Can add student doubt", "content_type": 25, "codename": "add_studentdoubt"}}, {"model": "auth.permission", "pk": 98, "fields": {"name": "Can change student doubt", "content_type": 25, "codename": "change_studentdoubt"}}, {"model": "auth.permission", "pk": 99, "fields": {"name": "Can delete student doubt", "content_type": 25, "codename": "delete_studentdoubt"}}, {"model": "auth.permission", "pk": 100, "fields": {"name": "Can view student doubt", "content_type": 25, "codename": "view_studentdoubt"}}, {"model": "auth.permission", "pk": 101, "fields": {"name": "Can add assignment", "content_type": 26, "codename": "add_assignment"}}, {"model": "auth.permission", "pk": 102, "fields": {"name": "Can change assignment", "content_type": 26, "codename": "change_assignment"}}, {"model": "auth.permission", "pk": 103, "fields": {"name": "Can delete assignment", "content_type": 26, "codename": "delete_assignment"}}, {"model": "auth.permission", "pk": 104, "fields": {"name": "Can view assignment", "content_type": 26, "codename": "view_assignment"}}, {"model": "auth.permission", "pk": 105, "fields": {"name": "Can add assignment submission", "content_type": 27, "codename": "add_assignmentsubmission"}}, {"model": "auth.permission", "pk": 106, "fields": {"name": "Can change assignment submission", "content_type": 27, "codename": "change_assignmentsubmission"}}, {"model": "auth.permission", "pk": 107, "fields": {"name": "Can delete assignment submission", "content_type": 27, "codename": "delete_assignmentsubmission"}}, {"model": "auth.permission", "pk": 108, "fields": {"name": "Can view assignment submission", "content_type": 27, "codename": "view_assignmentsubmission"}}, {"model": "auth.permission", "pk": 109, "fields": {"name": "Can add topic acknowledgement", "content_type": 29, "codename": "add_topicacknowledgement"}}, {"model": "auth.permission", "pk": 110, "fields": {"name": "Can change topic acknowledgement", "content_type": 29, "codename": "change_topicacknowledgement"}}, {"model": "auth.permission", "pk": 111, "fields": {"name": "Can delete topic acknowledgement", "content_type": 29, "codename": "delete_topicacknowledgement"}}, {"model": "auth.permission", "pk": 112, "fields": {"name": "Can view topic acknowledgement", "content_type": 29, "codename": "view_topicacknowledgement"}}, {"model": "auth.permission", "pk": 113, "fields": {"name": "Can add course topic", "content_type": 28, "codename": "add_coursetopic"}}, {"model": "auth.permission", "pk": 114, "fields": {"name": "Can change course topic", "content_type": 28, "codename": "change_coursetopic"}}, {"model": "auth.permission", "pk": 115, "fields": {"name": "Can delete course topic", "content_type": 28, "codename": "delete_coursetopic"}}, {"model": "auth.permission", "pk": 116, "fields": {"name": "Can view course topic", "content_type": 28, "codename": "view_coursetopic"}}, {"model": "auth.permission", "pk": 117, "fields": {"name": "Can add topic progress", "content_type": 30, "codename": "add_topicprogress"}}, {"model": "auth.permission", "pk": 118, "fields": {"name": "Can change topic progress", "content_type": 30, "codename": "change_topicprogress"}}, {"model": "auth.permission", "pk": 119, "fields": {"name": "Can delete topic progress", "content_type": 30, "codename": "delete_topicprogress"}}, {"model": "auth.permission", "pk": 120, "fields": {"name": "Can view topic progress", "content_type": 30, "codename": "view_topicprogress"}}, {"model": "auth.permission", "pk": 121, "fields": {"name": "Can add attendance session", "content_type": 32, "codename": "add_attendancesession"}}, {"model": "auth.permission", "pk": 122, "fields": {"name": "Can change attendance session", "content_type": 32, "codename": "change_attendancesession"}}, {"model": "auth.permission", "pk": 123, "fields": {"name": "Can delete attendance session", "content_type": 32, "codename": "delete_attendancesession"}}, {"model": "auth.permission", "pk": 124, "fields": {"name": "Can view attendance session", "content_type": 32, "codename": "view_attendancesession"}}, {"model": "auth.permission", "pk": 125, "fields": {"name": "Can add attendance record", "content_type": 31, "codename": "add_attendancerecord"}}, {"model": "auth.permission", "pk": 126, "fields": {"name": "Can change attendance record", "content_type": 31, "codename": "change_attendancerecord"}}, {"model": "auth.permission", "pk": 127, "fields": {"name": "Can delete attendance record", "content_type": 31, "codename": "delete_attendancerecord"}}, {"model": "auth.permission", "pk": 128, "fields": {"name": "Can view attendance record", "content_type": 31, "codename": "view_attendancerecord"}}, {"model": "auth.permission", "pk": 129, "fields": {"name": "Can add course module", "content_type": 33, "codename": "add_coursemodule"}}, {"model": "auth.permission", "pk": 130, "fields": {"name": "Can change course module", "content_type": 33, "codename": "change_coursemodule"}}, {"model": "auth.permission", "pk": 131, "fields": {"name": "Can delete course module", "content_type": 33, "codename": "delete_coursemodule"}}, {"model": "auth.permission", "pk": 132, "fields": {"name": "Can view course module", "content_type": 33, "codename": "view_coursemodule"}}, {"model": "contenttypes.contenttype", "pk": 1, "fields": {"app_label": "admin", "model": "logentry"}}, {"model": "contenttypes.contenttype", "pk": 2, "fields": {"app_label": "auth", "model": "group"}}, {"model": "contenttypes.contenttype", "pk": 3, "fields": {"app_label": "auth", "model": "permission"}}, {"model": "contenttypes.contenttype", "pk": 4, "fields": {"app_label": "contenttypes", "model": "contenttype"}}, {"model": "contenttypes.contenttype", "pk": 5, "fields": {"app_label": "sessions", "model": "session"}}, {"model": "contenttypes.contenttype", "pk": 6, "fields": {"app_label": "accounts", "model": "user"}}, {"model": "contenttypes.contenttype", "pk": 7, "fields": {"app_label": "courses", "model": "course"}}, {"model": "contenttypes.contenttype", "pk": 8, "fields": {"app_label": "batches", "model": "batch"}}, {"model": "contenttypes.contenttype", "pk": 9, "fields": {"app_label": "enrollments", "model": "enrollment"}}, {"model": "contenttypes.contenttype", "pk": 10, "fields": {"app_label": "materials", "model": "material"}}, {"model": "contenttypes.contenttype", "pk": 11, "fields": {"app_label": "assessments", "model": "question"}}, {"model": "contenttypes.contenttype", "pk": 12, "fields": {"app_label": "assessments", "model": "test"}}, {"model": "contenttypes.contenttype", "pk": 13, "fields": {"app_label": "assessments", "model": "testattempt"}}, {"model": "contenttypes.contenttype", "pk": 14, "fields": {"app_label": "recommendations", "model": "recommendation"}}, {"model": "contenttypes.contenttype", "pk": 15, "fields": {"app_label": "certifications", "model": "certificationapplication"}}, {"model": "contenttypes.contenttype", "pk": 16, "fields": {"app_label": "certifications", "model": "certificate"}}, {"model": "contenttypes.contenttype", "pk": 17, "fields": {"app_label": "attendance", "model": "attendance"}}, {"model": "contenttypes.contenttype", "pk": 18, "fields": {"app_label": "attendance", "model": "classsession"}}, {"model": "contenttypes.contenttype", "pk": 19, "fields": {"app_label": "attendance", "model": "topicacknowledgement"}}, {"model": "contenttypes.contenttype", "pk": 20, "fields": {"app_label": "attendance", "model": "sessiontopic"}}, {"model": "contenttypes.contenttype", "pk": 21, "fields": {"app_label": "accounts", "model": "trainerloginlog"}}, {"model": "contenttypes.contenttype", "pk": 22, "fields": {"app_label": "accounts", "model": "trainerprofile"}}, {"model": "contenttypes.contenttype", "pk": 23, "fields": {"app_label": "accounts", "model": "employeeattendancelog"}}, {"model": "contenttypes.contenttype", "pk": 24, "fields": {"app_label": "accounts", "model": "studentprofile"}}, {"model": "contenttypes.contenttype", "pk": 25, "fields": {"app_label": "accounts", "model": "studentdoubt"}}, {"model": "contenttypes.contenttype", "pk": 26, "fields": {"app_label": "assessments", "model": "assignment"}}, {"model": "contenttypes.contenttype", "pk": 27, "fields": {"app_label": "assessments", "model": "assignmentsubmission"}}, {"model": "contenttypes.contenttype", "pk": 28, "fields": {"app_label": "courses", "model": "coursetopic"}}, {"model": "contenttypes.contenttype", "pk": 29, "fields": {"app_label": "courses", "model": "topicacknowledgement"}}, {"model": "contenttypes.contenttype", "pk": 30, "fields": {"app_label": "courses", "model": "topicprogress"}}, {"model": "contenttypes.contenttype", "pk": 31, "fields": {"app_label": "attendance", "model": "attendancerecord"}}, {"model": "contenttypes.contenttype", "pk": 32, "fields": {"app_label": "attendance", "model": "attendancesession"}}, {"model": "contenttypes.contenttype", "pk": 33, "fields": {"app_label": "courses", "model": "coursemodule"}}, {"model": "sessions.session", "pk": "0r10rxyns71rk12m4co05hcac0sld2ro", "fields": {"session_data": ".eJxVjDsOwjAQBe_iGlm2179Q0ucM1q4_OIAcKU4qxN1JpBTQzsx7bxZwW2vYel7ClNiVaXb5ZYTxmdsh0gPbfeZxbusyET8SftrOxznl1-1s_w4q9rqvs4aiKEtrlCzWuWhEch7IGSFEjgjFKjkAgbQ7BPKkrY_oDA4iWunZ5wvLfjcM:1vxpSx:mGOW1HFpG1CNE078qlvvzj894IRqAxlF74cWb9LzU54", "expire_date": "2026-03-18T16:52:55.486Z"}}, {"model": "sessions.session", "pk": "0rhmqtt9lv82rg71tf1g87wzh12smd78", "fields": {"session_data": ".eJxVjMsOwiAQRf-FtSGUDkNx6d5vIDMD2KqBpI-V8d-1SRe6veec-1KRtnWM25LnOCV1Vl6dfjcmeeS6g3SnemtaWl3nifWu6IMu-tpSfl4O9-9gpGX81sSmsxwExZQiCXroxXFXkAkIPKRU-sFZzDYgCKK3lqEYEBOGAYtT7w_62TfW:1vx7qc:UYgi0iYwMz-hgyrrLxiGvm7O3U2hGJQnYW4pPcg4GIk", "expire_date": "2026-03-16T18:18:26.516Z"}}, {"model": "sessions.session", "pk": "2yu22nt6n3a01x7fxs6nq889zd2397hk", "fields": {"session_data": ".eJxVjEsOwiAUAO_C2hA-LR-X7nsG8uA9pGogKe3KeHdD0oVuZybzZgGOvYSj0xZWZFem2OWXRUhPqkPgA-q98dTqvq2Rj4SftvOlIb1uZ_s3KNDL2OZIk5UGtCRP0fuknUKjwQgwWVkl7TwLxGwwE2ThYSKftSPtUAE69vkC7bQ4cw:1vxfvl:4fsnGqtUZKnhLrHmaM3gl52N152yA6huZa6YaQ1qklk", "expire_date": "2026-03-18T06:42:01.137Z"}}, {"model": "sessions.session", "pk": "3zbdi2lbfr0mf7mij0x65p16djkdhkru", "fields": {"session_data": ".eJxVjMsOwiAQRf-FtSGUDkNx6d5vIDMD2KqBpI-V8d-1SRe6veec-1KRtnWM25LnOCV1Vl6dfjcmeeS6g3SnemtaWl3nifWu6IMu-tpSfl4O9-9gpGX81sSmsxwExZQiCXroxXFXkAkIPKRU-sFZzDYgCKK3lqEYEBOGAYtT7w_62TfW:1vx7qE:40d2IAF5nBqhKTFA1Hai9rGN38uY57MjU-XDpe7LYYE", "expire_date": "2026-03-16T18:18:02.398Z"}}, {"model": "sessions.session", "pk": "48pswpd1n6lc7vvpa1xm0z1wefxhg0d7", "fields": {"session_data": ".eJxVjMsOwiAQRf-FtSGUDkNx6d5vIDMD2KqBpI-V8d-1SRe6veec-1KRtnWM25LnOCV1Vl6dfjcmeeS6g3SnemtaWl3nifWu6IMu-tpSfl4O9-9gpGX81sSmsxwExZQiCXroxXFXkAkIPKRU-sFZzDYgCKK3lqEYEBOGAYtT7w_62TfW:1vx7q0:fP0ZpIT5qfKSM_7b4cDWmsXCUcVlo9Fq2F_Her9zphE", "expire_date": "2026-03-16T18:17:48.906Z"}}, {"model": "sessions.session", "pk": "5jrgszzgyp7epi46ixxdr6kmh9lkidej", "fields": {"session_data": ".eJxVjEsOwiAUAO_C2hA-LR-X7nsG8uA9pGogKe3KeHdD0oVuZybzZgGOvYSj0xZWZFem2OWXRUhPqkPgA-q98dTqvq2Rj4SftvOlIb1uZ_s3KNDL2OZIk5UGtCRP0fuknUKjwQgwWVkl7TwLxGwwE2ThYSKftSPtUAE69vkC7bQ4cw:1vxfsV:KuipQ3joXs_0T7A8FnSscFKawFSeobwti74JhAN2NHs", "expire_date": "2026-03-18T06:38:39.053Z"}}, {"model": "sessions.session", "pk": "8k0zr8a7vduixhpsdqnjgohi36oe7i5t", "fields": {"session_data": ".eJxVjMsOwiAQRf-FtSE8BgGX7vsNZGCmUjU0Ke3K-O_apAvd3nPOfYmE21rT1nlJE4mLcOL0u2UsD247oDu22yzL3NZlynJX5EG7HGbi5_Vw_w4q9vqt0QflQgC2BhEMQ8GgPQQGUNEVrfPZxEiRyVsyzjqrOHsiHNFD8aN4fwDJHTew:1vxi4R:1Gxlycytwf8HGCC5szFZ7SH0QL2Kn9rMDKPPYjr507k", "expire_date": "2026-03-18T08:59:07.299Z"}}, {"model": "sessions.session", "pk": "b3jnpt2c56g6i1a8eogdmhg0pak3gno1", "fields": {"session_data": ".eJxVjMsOwiAQRf-FtSGUDkNx6d5vIDMD2KqBpI-V8d-1SRe6veec-1KRtnWM25LnOCV1Vl6dfjcmeeS6g3SnemtaWl3nifWu6IMu-tpSfl4O9-9gpGX81sSmsxwExZQiCXroxXFXkAkIPKRU-sFZzDYgCKK3lqEYEBOGAYtT7w_62TfW:1vx7qp:IsDSeuXXZowkn_LwOWw0qg67HBoZ1gTSvIMjG68M2B4", "expire_date": "2026-03-16T18:18:39.060Z"}}, {"model": "sessions.session", "pk": "cxpvialgytd46gb1k8wpcobdh89qj0d0", "fields": {"session_data": ".eJxVjEsOwiAUAO_C2hA-LR-X7nsG8uA9pGogKe3KeHdD0oVuZybzZgGOvYSj0xZWZFem2OWXRUhPqkPgA-q98dTqvq2Rj4SftvOlIb1uZ_s3KNDL2OZIk5UGtCRP0fuknUKjwQgwWVkl7TwLxGwwE2ThYSKftSPtUAE69vkC7bQ4cw:1vxfth:Nfy9uwVNlijENqeTHa-LKf1K_ZdRaAmgRZ_SmM0WnIA", "expire_date": "2026-03-18T06:39:53.963Z"}}, {"model": "sessions.session", "pk": "d4o9qkyyjyan2y9mpt5dbh4d4zgtpupc", "fields": {"session_data": ".eJxVjEsOwiAUAO_C2hA-LR-X7nsG8uA9pGogKe3KeHdD0oVuZybzZgGOvYSj0xZWZFem2OWXRUhPqkPgA-q98dTqvq2Rj4SftvOlIb1uZ_s3KNDL2OZIk5UGtCRP0fuknUKjwQgwWVkl7TwLxGwwE2ThYSKftSPtUAE69vkC7bQ4cw:1vx8FM:cqFaJzrKluKSLgL1gdo5unneFb7TVnFbXmaMPNc7NS4", "expire_date": "2026-03-16T18:44:00.818Z"}}, {"model": "sessions.session", "pk": "dbjeoj19b88l54llhzatu31lk7s1rmzf", "fields": {"session_data": ".eJxVjDsOwjAQBe_iGlm2179Q0ucM1q4_OIAcKU4qxN1JpBTQzsx7bxZwW2vYel7ClNiVaXb5ZYTxmdsh0gPbfeZxbusyET8SftrOxznl1-1s_w4q9rqvs4aiKEtrlCzWuWhEch7IGSFEjgjFKjkAgbQ7BPKkrY_oDA4iWunZ5wvLfjcM:1vxpdl:FrvxIjHiS2Lc8E1NTRkmeYwmPV1rc6cqeuF_wnJkoB4", "expire_date": "2026-03-18T17:04:05.153Z"}}, {"model": "sessions.session", "pk": "e9cuprwyche4eu3opqq8h18zenh3stzq", "fields": {"session_data": ".eJxVjMsOwiAQRf-FtSE8BgGX7vsNZGCmUjU0Ke3K-O_apAvd3nPOfYmE21rT1nlJE4mLcOL0u2UsD247oDu22yzL3NZlynJX5EG7HGbi5_Vw_w4q9vqt0QflQgC2BhEMQ8GgPQQGUNEVrfPZxEiRyVsyzjqrOHsiHNFD8aN4fwDJHTew:1vxfuN:RGA331dh0OAFjp3uvMFzwjAKe3WK9GaW_iJf-dPwkJo", "expire_date": "2026-03-18T06:40:35.605Z"}}, {"model": "sessions.session", "pk": "i2kehisn2vkliql5ewb54gf3x55fqld1", "fields": {"session_data": ".eJxVjDsOwjAQBe_iGlnBf1PS5wyW17uLA8iR4qRC3B0ipYD2zcx7iZS3taat05ImFBfhxOl3g1we1HaA99xusyxzW5cJ5K7Ig3Y5zkjP6-H-HdTc67fWHjhgHGxgx96g0ZoZVbDRk0cI5cxUUClrgyZVrM1MBtyQtQZDHMX7A_VeOIY:1vxg3E:VAHzFlEh4O9sjXgfegyRF0YPvHqBTTN0V_7MDnKGwbo", "expire_date": "2026-03-18T06:49:44.625Z"}}, {"model": "sessions.session", "pk": "npdo42s76zlzivjmbxt4bekslde4jp82", "fields": {"session_data": ".eJxVjDsOwjAQBe_iGln-fyjpOYO1a69xADlSnFSIu0OkFNC-mXkvlmBbW9oGLWkq7MwcO_1uCPlBfQflDv028zz3dZmQ7wo_6ODXudDzcrh_Bw1G-9bCuxDIZVnQ6CoLSBMBo9YRlbTCCrLe1qAtVshBkSNQ0oEMEa3wJrD3B9TwN0g:1vxpD6:hpVG-1KQqmDY49dYHMokqOD1a42OqERKgScUrgbYxao", "expire_date": "2026-03-18T16:36:32.719Z"}}, {"model": "sessions.session", "pk": "r0gsp2ztgkeognt203vmofbj3p4j6qvf", "fields": {"session_data": ".eJxVjMsOwiAQRf-FtSGVR6FduvcbCDAzFh_FUGrSGP_dNulCt_ece97M-bkObp6wuASsZy07_G7BxxuOG4CrHy-ZxzzWkgLfFL7TiZ8z4P20u3-BwU_D-pYmkIWu0ZZaMgqUlEQgrO4MGgg2HgkjCKG1lSii1p5QhbbxUgaF1K1RfDzveUF0LyyJEoKrGfzC-lpm_HwBhu1EfQ:1vxmvy:TfzfvYO5ist1feymQ594zkH5Tm-XNILOmo79-8BKT0Q", "expire_date": "2026-03-18T14:10:42.983Z"}}, {"model": "sessions.session", "pk": "sp0vw4x966aec27ck2zvs9yfv8m0gkjp", "fields": {"session_data": ".eJxVjMEOwiAQRP-FsyGU3dLi0Xu_gSywSNXQpLQn479Lkx40c5v3Zt7C0b5lt1de3RzFVaC4_HaewpPLAeKDyn2RYSnbOnt5KPKkVU5L5NftdP8OMtXc1pAUxZh8CDTYDlDZ0aBCzR5o8NCzVSl0LSoR8Qi6KUYb7D2jVQTi8wX38jfl:1w63Xv:SCiTdXF6yGahW2IodvuWR2OWyXhNiZMVIoyd7iGYibM", "expire_date": "2026-04-10T09:32:03.887Z"}}, {"model": "sessions.session", "pk": "u12l5k895gjzoo0wdbg0ad5480u6573f", "fields": {"session_data": ".eJxVjMsOwiAQRf-FtSGUDkNx6d5vIDMD2KqBpI-V8d-1SRe6veec-1KRtnWM25LnOCV1Vl6dfjcmeeS6g3SnemtaWl3nifWu6IMu-tpSfl4O9-9gpGX81sSmsxwExZQiCXroxXFXkAkIPKRU-sFZzDYgCKK3lqEYEBOGAYtT7w_62TfW:1vx7r1:YBthw0CmbJDkSothPzjQPnmn-P5YlJ5sVYa4qabPkLc", "expire_date": "2026-03-16T18:18:51.528Z"}}, {"model": "sessions.session", "pk": "vku8n8tgpi2yf99ejarutuev8wm49gk0", "fields": {"session_data": ".eJxVjMsOwiAQRf-FtSGUDkNx6d5vIDMD2KqBpI-V8d-1SRe6veec-1KRtnWM25LnOCV1Vl6dfjcmeeS6g3SnemtaWl3nifWu6IMu-tpSfl4O9-9gpGX81sSmsxwExZQiCXroxXFXkAkIPKRU-sFZzDYgCKK3lqEYEBOGAYtT7w_62TfW:1vx7wv:1zBAaF15U2_MrBtwdLEtKy_SNVHsqHJay6Hlgm5MLmI", "expire_date": "2026-03-16T18:24:57.630Z"}}, {"model": "sessions.session", "pk": "xldzuy9gxifnhbcp1g5l5n765e0mtj82", "fields": {"session_data": ".eJxVjMsOwiAQRf-FtSGUDkNx6d5vIDMD2KqBpI-V8d-1SRe6veec-1KRtnWM25LnOCV1Vl6dfjcmeeS6g3SnemtaWl3nifWu6IMu-tpSfl4O9-9gpGX81sSmsxwExZQiCXroxXFXkAkIPKRU-sFZzDYgCKK3lqEYEBOGAYtT7w_62TfW:1vx7rE:c1PcU6dLS9C8yBpyAxcigRXeTVME9N7BaAk0DXgyJls", "expire_date": "2026-03-16T18:19:04.381Z"}}, {"model": "sessions.session", "pk": "yrj2x23lfnsu6j6vpiy41si31mww1qso", "fields": {"session_data": ".eJxVjDsOwjAQBe_iGlnBf1PS5wyW17uLA8iR4qRC3B0ipYD2zcx7iZS3taat05ImFBfhxOl3g1we1HaA99xusyxzW5cJ5K7Ig3Y5zkjP6-H-HdTc67fWHjhgHGxgx96g0ZoZVbDRk0cI5cxUUClrgyZVrM1MBtyQtQZDHMX7A_VeOIY:1vxg4O:1VKYJi0_02msJljBo36RM4ssr93NCJzk-1eyBNwQ8Is", "expire_date": "2026-03-18T06:50:56.727Z"}}, {"model": "sessions.session", "pk": "zhtzukh3w774h8g8h0auvo60oim0fox3", "fields": {"session_data": ".eJxVjEsOwiAUAO_C2hA-LR-X7nsG8uA9pGogKe3KeHdD0oVuZybzZgGOvYSj0xZWZFem2OWXRUhPqkPgA-q98dTqvq2Rj4SftvOlIb1uZ_s3KNDL2OZIk5UGtCRP0fuknUKjwQgwWVkl7TwLxGwwE2ThYSKftSPtUAE69vkC7bQ4cw:1vxg2O:debyfcQsYQURTx6WxXxGi89LkNZhWZal-DAhhtclhU4", "expire_date": "2026-03-18T06:48:52.680Z"}}, {"model": "sessions.session", "pk": "zxxgpu8ehxk74cv4teiq4pydae48gt6b", "fields": {"session_data": ".eJxVjMsOwiAQRf-FtSE8BgGX7vsNZGCmUjU0Ke3K-O_apAvd3nPOfYmE21rT1nlJE4mLcOL0u2UsD247oDu22yzL3NZlynJX5EG7HGbi5_Vw_w4q9vqt0QflQgC2BhEMQ8GgPQQGUNEVrfPZxEiRyVsyzjqrOHsiHNFD8aN4fwDJHTew:1vxjyA:eR23HkNMsg-owYB3_aBRv3O3iFhH3bQX5djh7Y33KXc", "expire_date": "2026-03-18T11:00:46.496Z"}}, {"model": "accounts.user", "pk": 2, "fields": {"password": "pbkdf2_sha256$1200000$51HLlTHFbhsoBFdUu33gXp$ggziJfo6UyiAdsUtnH9nOjrNsFa+f+yWTBwfWGmYQ3M=", "last_login": "2026-03-04T06:50:56.701Z", "is_superuser": false, "username": "khushibarole15@gmail.com", "first_name": "", "last_name": "", "is_staff": false, "is_active": true, "date_joined": "2026-03-01T17:39:42.466Z", "role": "TRAINER", "email": "xyz@gmail.com", "groups": [], "user_permissions": []}}, {"model": "accounts.user", "pk": 4, "fields": {"password": "pbkdf2_sha256$1200000$t538iMwEEnkK3uTTveOQrp$oPGLqZVu4AlNNETkaiTGbgeThhJLU4nJzdWIj4or7XU=", "last_login": "2026-03-27T09:32:03.886Z", "is_superuser": true, "username": "admin", "first_name": "", "last_name": "", "is_staff": true, "is_active": true, "date_joined": "2026-03-02T13:32:48.562Z", "role": "ADMIN", "email": "admin@example.com", "groups": [], "user_permissions": []}}, {"model": "accounts.user", "pk": 5, "fields": {"password": "pbkdf2_sha256$1200000$tQ0OSBS0atHXun8oul2oCQ$9BKsjZp/pwzLr/iMh5YQQ+cC47Q5fG/WogRUnynozhI=", "last_login": "2026-03-25T10:45:07.868Z", "is_superuser": false, "username": "sunflower", "first_name": "", "last_name": "", "is_staff": false, "is_active": true, "date_joined": "2026-03-02T14:45:38.444Z", "role": "STUDENT", "email": "example@gmail.com", "groups": [], "user_permissions": []}}, {"model": "accounts.user", "pk": 6, "fields": {"password": "pbkdf2_sha256$1200000$9nT8iwgBv9dzjJQKPZsxxd$6jX1JBnGnzclJ7s9UXwkUGHn7K86hi+zpg5afcNnzwk=", "last_login": "2026-03-25T10:47:47.031Z", "is_superuser": false, "username": "khushibarole", "first_name": "", "last_name": "", "is_staff": false, "is_active": true, "date_joined": "2026-03-02T14:51:18.869Z", "role": "TRAINER", "email": "khushib.cse21d@sbjit.edu.in", "groups": [], "user_permissions": []}}, {"model": "accounts.user", "pk": 8, "fields": {"password": "pbkdf2_sha256$1200000$X2FhTVmY3XHCygBAfGD3QP$S2btKK5uJP9eMhBOEkHNpd6uF6dhuG+4ay1+h9zsw2Y=", "last_login": "2026-03-04T16:28:07.650Z", "is_superuser": false, "username": "sunflower1", "first_name": "", "last_name": "", "is_staff": false, "is_active": true, "date_joined": "2026-03-04T16:28:07.453Z", "role": "STUDENT", "email": "khushibarole15@gmail.com", "groups": [], "user_permissions": []}}, {"model": "accounts.user", "pk": 9, "fields": {"password": "pbkdf2_sha256$1200000$A2xslfFGhBeCbKn5T8JGom$Icw7vIIwvP3g14VyrRzs6wwlGUFVF7uI9lnXuy6hU2Q=", "last_login": "2026-03-27T09:29:50.509Z", "is_superuser": false, "username": "JamesSharma22", "first_name": "", "last_name": "", "is_staff": false, "is_active": true, "date_joined": "2026-03-10T15:41:06.240Z", "role": "STUDENT", "email": "jamessharma@gmail.com", "groups": [], "user_permissions": []}}, {"model": "accounts.user", "pk": 10, "fields": {"password": "pbkdf2_sha256$1200000$rpg7ooD4MIjLR75CJl6oXN$+MO31ouq1dzXP+4+RfUhFliYlODunPaOr7LaClGeR+0=", "last_login": "2026-03-25T12:24:55.288Z", "is_superuser": false, "username": "honeydeo2026", "first_name": "Honey", "last_name": "Deo", "is_staff": false, "is_active": true, "date_joined": "2026-03-24T11:09:59.296Z", "role": "STUDENT", "email": "deo739270@gmail.com", "groups": [], "user_permissions": []}}, {"model": "accounts.trainerprofile", "pk": 1, "fields": {"user": 6, "face_descriptor": "[-0.05391201376914978, 0.0663437694311142, 0.0077670966275036335, -0.06800974905490875, -0.0905458927154541, -0.00406592758372426, -0.07412832975387573, -0.0225310530513525, 0.21130038797855377, -0.13091914355754852, 0.13476349413394928, 0.009763957001268864, -0.10869377851486206, -0.03758231922984123, -0.040864039212465286, 0.11390594393014908, -0.12458870559930801, -0.18468815088272095, -0.054974768310785294, -0.05917635187506676, 0.007833173498511314, -0.012102560140192509, -0.00740330433472991, 0.09120386838912964, -0.2513529062271118, -0.3600683808326721, -0.07443031668663025, -0.14773999154567719, -0.004774622619152069, -0.10401695966720581, -0.06402160972356796, 0.08439568430185318, -0.2283603698015213, -0.09332678467035294, 0.04867492988705635, 0.09782910346984863, -0.021516188979148865, -0.015502708032727242, 0.16185256838798523, 0.05474056676030159, -0.18044067919254303, -0.049731384962797165, 0.0802963525056839, 0.28953123092651367, 0.16453565657138824, 0.018664749339222908, 0.06651844829320908, -0.034342195838689804, 0.07375414669513702, -0.23294232785701752, 0.07436526566743851, 0.1316896378993988, 0.04445170983672142, 0.1087234690785408, 0.05676749721169472, -0.08545852452516556, 0.048856161534786224, 0.1310073882341385, -0.18271517753601074, 0.06969170272350311, 0.015209970995783806, -0.0365045964717865, -0.08801940083503723, -0.00778816407546401, 0.25035029649734497, 0.1408528983592987, -0.06171106919646263, -0.13372932374477386, 0.18792034685611725, -0.15622994303703308, -0.06071791425347328, 0.02188563160598278, -0.09691762179136276, -0.17795296013355255, -0.2688877582550049, -0.0021285992115736008, 0.4142342507839203, 0.2486828863620758, -0.12833671271800995, 0.11513294279575348, -0.09936531633138657, -0.05738183856010437, 0.030866611748933792, 0.06338685005903244, -0.08642806857824326, 0.12679997086524963, 0.005655372515320778, 0.15095265209674835, 0.2079688161611557, 0.07194851338863373, -0.01795244589447975, 0.13272637128829956, -0.01725342497229576, 0.008641599677503109, 0.05593828484416008, -0.007347229868173599, -0.13806818425655365, -0.03845994547009468, -0.20505118370056152, -0.09782711416482925, 0.0358719676733017, 0.04320371896028519, 0.02464340627193451, 0.15835919976234436, -0.21849915385246277, 0.16415411233901978, -0.0027954301331192255, -0.09715384244918823, -0.02904367260634899, 0.08366847038269043, -0.07097449898719788, -0.052854984998703, 0.122710682451725, -0.17649990320205688, 0.13203153014183044, 0.1518104523420334, 0.07935892790555954, 0.15030397474765778, 0.10228428244590759, -0.03345731273293495, 0.031340718269348145, -0.060074299573898315, -0.1864781677722931, -0.037589605897665024, 0.06656265258789062, -0.04950735345482826, 0.12259601056575775, 0.001066033961251378]", "is_setup_complete": true, "profile_photo": "", "full_name": null, "father_name": null, "date_of_birth": null, "gender": null, "contact_number": null, "address": null, "pincode": null, "trainer_id": null, "department": null, "highest_education": null, "years_of_experience": null, "specialization": null}}, {"model": "accounts.studentprofile", "pk": 1, "fields": {"user": 5, "full_name": "Sunflower Sharma", "father_name": "Suryamukhi Sharma", "mother_name": "Surajkumari Sharma", "date_of_birth": "2003-05-15", "contact_number": "8766056991", "caste_category": null, "highest_education": null, "address": "Alraza Mobile Service Centre, Shop No 34-35, Sai Regency, Ravinagar Square, Amravart road, Nagpur-440001", "pincode": "440008", "course_start_date": "2026-03-05", "course_end_date": null, "profile_photo": "student_photos/IMG_1042.jpeg"}}, {"model": "accounts.studentprofile", "pk": 2, "fields": {"user": 9, "full_name": "James Sharma", "father_name": "John Sharma", "mother_name": "Jemini Sharma", "date_of_birth": "2026-03-10", "contact_number": "1234567890", "caste_category": "General", "highest_education": "B.Tech CSE", "address": "Alraza Mobile Service Centre, Shop No 34-35, Sai Regency, Ravinagar Square, Amravart road, Nagpur-440001", "pincode": "440008", "course_start_date": "2026-03-10", "course_end_date": null, "profile_photo": "student_photos/Screenshot_2026-03-08_at_10.02.27PM.png"}}, {"model": "accounts.studentprofile", "pk": 3, "fields": {"user": 10, "full_name": "Honey Deo", "father_name": "Rajendra Deo", "mother_name": "Sunanda Deo", "date_of_birth": "2006-06-27", "contact_number": "9370593977", "caste_category": "SC", "highest_education": "ITI", "address": "", "pincode": "440024", "course_start_date": "2026-03-23", "course_end_date": null, "profile_photo": "student_photos/WhatsApp_Image_2026-03-18_at_15.08.35.jpeg"}}, {"model": "accounts.studentdoubt", "pk": 1, "fields": {"student": 5, "trainer": 6, "title": "Job support", "description": "I am lloking for a job in IT domain", "response": "admin team will get back to you", "status": "RESOLVED", "related_course": null, "related_session": null, "created_at": "2026-03-07T07:43:54.699Z", "resolved_at": "2026-03-07T09:43:41Z", "updated_at": "2026-03-07T09:44:54.449Z"}}, {"model": "accounts.studentdoubt", "pk": 2, "fields": {"student": 5, "trainer": null, "title": "job regarding", "description": "placement support", "response": "", "status": "PENDING", "related_course": null, "related_session": null, "created_at": "2026-03-07T10:14:49.515Z", "resolved_at": null, "updated_at": "2026-03-07T10:14:49.515Z"}}, {"model": "accounts.studentdoubt", "pk": 3, "fields": {"student": 5, "trainer": 6, "title": "sfzjhkzjlsjzl", "description": "zshzgjsjzk", "response": "", "status": "PENDING", "related_course": 1, "related_session": null, "created_at": "2026-03-07T10:16:29.977Z", "resolved_at": null, "updated_at": "2026-03-07T12:45:53.479Z"}}, {"model": "accounts.studentdoubt", "pk": 4, "fields": {"student": 9, "trainer": 6, "title": "[Subject/Topic] placement", "description": "abc problem", "response": "ok", "status": "RESOLVED", "related_course": 2, "related_session": 3, "created_at": "2026-03-25T10:21:31.626Z", "resolved_at": "2026-03-25T10:33:27.687Z", "updated_at": "2026-03-25T10:33:27.687Z"}}, {"model": "courses.course", "pk": 1, "fields": {"title": "Master in Cyber Security", "description": "", "duration": 400, "created_at": "2026-03-02T18:05:13.324Z"}}, {"model": "courses.course", "pk": 2, "fields": {"title": "C PROGRAMMING", "description": "", "duration": 40, "created_at": "2026-03-10T15:39:34.753Z"}}, {"model": "courses.course", "pk": 3, "fields": {"title": "C++  Programming", "description": "", "duration": 45, "created_at": "2026-03-24T11:12:47.167Z"}}, {"model": "courses.coursetopic", "pk": 1, "fields": {"course": 2, "module": null, "title": "Introduction to C", "description": "basic intro of c language \r\ninstallation and basic terms", "topic_number": 1, "resources_link": null, "created_by": 4, "created_at": "2026-03-10T16:03:47.139Z"}}, {"model": "courses.coursetopic", "pk": 2, "fields": {"course": 2, "module": null, "title": "C Development Environment", "description": "VS CODE / Dev C++ Installation, IDE Overview, Writing First Program", "topic_number": 2, "resources_link": null, "created_by": 4, "created_at": "2026-03-10T16:07:12.574Z"}}, {"model": "courses.coursetopic", "pk": 3, "fields": {"course": 2, "module": null, "title": "C Program Structure", "description": "C Program Syntax, Basic Structure, Compilation Process, Compiler vs Interpreter", "topic_number": 3, "resources_link": null, "created_by": 4, "created_at": "2026-03-10T16:07:39.022Z"}}, {"model": "courses.coursetopic", "pk": 4, "fields": {"course": 2, "module": null, "title": "Basic Concepts in C", "description": "C Basics, Print Statement, Comments in C", "topic_number": 4, "resources_link": null, "created_by": 4, "created_at": "2026-03-10T16:08:29.087Z"}}, {"model": "courses.coursetopic", "pk": 5, "fields": {"course": 3, "module": null, "title": "Introduction to C++", "description": "Introduction of C++ , History of C++, Basics of C++", "topic_number": 1, "resources_link": null, "created_by": 4, "created_at": "2026-03-24T11:17:04.006Z"}}, {"model": "courses.coursetopic", "pk": 6, "fields": {"course": 3, "module": null, "title": "History and Features of C++", "description": "Write your First Programme", "topic_number": 2, "resources_link": null, "created_by": 4, "created_at": "2026-03-24T16:15:46.382Z"}}, {"model": "courses.coursetopic", "pk": 7, "fields": {"course": 3, "module": null, "title": "Structure of C++ Program", "description": "Use cases and Features of C++", "topic_number": 3, "resources_link": null, "created_by": 4, "created_at": "2026-03-24T16:17:05.495Z"}}, {"model": "courses.coursetopic", "pk": 8, "fields": {"course": 3, "module": null, "title": "C++ Development Environment", "description": "Core C++ programming concept", "topic_number": 5, "resources_link": null, "created_by": null, "created_at": "2026-03-25T12:45:40.928Z"}}, {"model": "courses.coursetopic", "pk": 9, "fields": {"course": 3, "module": null, "title": "Basic Input/Output (cin, cout)", "description": "Core C++ programming concept", "topic_number": 6, "resources_link": null, "created_by": null, "created_at": "2026-03-25T12:45:40.929Z"}}, {"model": "courses.coursetopic", "pk": 10, "fields": {"course": 3, "module": null, "title": "Escape Sequences", "description": "Core C++ programming concept", "topic_number": 7, "resources_link": null, "created_by": null, "created_at": "2026-03-25T12:45:40.929Z"}}, {"model": "courses.coursetopic", "pk": 11, "fields": {"course": 3, "module": null, "title": "Comments in C++", "description": "Core C++ programming concept", "topic_number": 8, "resources_link": null, "created_by": null, "created_at": "2026-03-25T12:45:40.929Z"}}, {"model": "courses.coursetopic", "pk": 12, "fields": {"course": 3, "module": null, "title": "Variables and Constants", "description": "Core C++ programming concept", "topic_number": 9, "resources_link": null, "created_by": null, "created_at": "2026-03-25T12:45:40.930Z"}}, {"model": "courses.coursetopic", "pk": 13, "fields": {"course": 3, "module": null, "title": "Data Types in C++", "description": "Core C++ programming concept", "topic_number": 10, "resources_link": null, "created_by": null, "created_at": "2026-03-25T12:45:40.930Z"}}, {"model": "courses.coursetopic", "pk": 14, "fields": {"course": 3, "module": null, "title": "Type Modifiers", "description": "Core C++ programming concept", "topic_number": 11, "resources_link": null, "created_by": null, "created_at": "2026-03-25T12:45:40.930Z"}}, {"model": "courses.coursetopic", "pk": 15, "fields": {"course": 3, "module": null, "title": "Type Casting", "description": "Core C++ programming concept", "topic_number": 12, "resources_link": null, "created_by": null, "created_at": "2026-03-25T12:45:40.930Z"}}, {"model": "courses.coursetopic", "pk": 16, "fields": {"course": 3, "module": null, "title": "Arithmetic Operators", "description": "Core C++ programming concept", "topic_number": 13, "resources_link": null, "created_by": null, "created_at": "2026-03-25T12:45:40.931Z"}}, {"model": "courses.coursetopic", "pk": 17, "fields": {"course": 3, "module": null, "title": "Relational Operators", "description": "Core C++ programming concept", "topic_number": 14, "resources_link": null, "created_by": null, "created_at": "2026-03-25T12:45:40.931Z"}}, {"model": "courses.coursetopic", "pk": 18, "fields": {"course": 3, "module": null, "title": "Logical Operators", "description": "Core C++ programming concept", "topic_number": 15, "resources_link": null, "created_by": null, "created_at": "2026-03-25T12:45:40.931Z"}}, {"model": "courses.coursetopic", "pk": 19, "fields": {"course": 3, "module": null, "title": "Assignment Operators", "description": "Core C++ programming concept", "topic_number": 16, "resources_link": null, "created_by": null, "created_at": "2026-03-25T12:45:40.932Z"}}, {"model": "courses.coursetopic", "pk": 20, "fields": {"course": 3, "module": null, "title": "Bitwise Operators", "description": "Core C++ programming concept", "topic_number": 17, "resources_link": null, "created_by": null, "created_at": "2026-03-25T12:45:40.932Z"}}, {"model": "courses.coursetopic", "pk": 21, "fields": {"course": 3, "module": null, "title": "Ternary Operator", "description": "Core C++ programming concept", "topic_number": 18, "resources_link": null, "created_by": null, "created_at": "2026-03-25T12:45:40.932Z"}}, {"model": "courses.coursetopic", "pk": 22, "fields": {"course": 3, "module": null, "title": "Compilation & Execution Process", "description": "Content for Compilation & Execution Process", "topic_number": 4, "resources_link": null, "created_by": null, "created_at": "2026-03-25T13:22:05.801Z"}}, {"model": "courses.coursetopic", "pk": 23, "fields": {"course": 3, "module": null, "title": "if Statement", "description": "Content for if Statement", "topic_number": 19, "resources_link": null, "created_by": null, "created_at": "2026-03-25T13:22:05.808Z"}}, {"model": "courses.coursetopic", "pk": 24, "fields": {"course": 3, "module": null, "title": "if-else Statement", "description": "Content for if-else Statement", "topic_number": 20, "resources_link": null, "created_by": null, "created_at": "2026-03-25T13:22:05.809Z"}}, {"model": "courses.coursetopic", "pk": 25, "fields": {"course": 3, "module": null, "title": "Nested if", "description": "Content for Nested if", "topic_number": 21, "resources_link": null, "created_by": null, "created_at": "2026-03-25T13:22:05.809Z"}}, {"model": "courses.coursetopic", "pk": 26, "fields": {"course": 3, "module": null, "title": "switch Case", "description": "Content for switch Case", "topic_number": 22, "resources_link": null, "created_by": null, "created_at": "2026-03-25T13:22:05.810Z"}}, {"model": "courses.coursetopic", "pk": 27, "fields": {"course": 3, "module": null, "title": "for Loop", "description": "Content for for Loop", "topic_number": 23, "resources_link": null, "created_by": null, "created_at": "2026-03-25T13:22:05.810Z"}}, {"model": "courses.coursetopic", "pk": 28, "fields": {"course": 3, "module": null, "title": "while Loop", "description": "Content for while Loop", "topic_number": 24, "resources_link": null, "created_by": null, "created_at": "2026-03-25T13:22:05.810Z"}}, {"model": "courses.coursetopic", "pk": 29, "fields": {"course": 3, "module": null, "title": "do-while Loop", "description": "Content for do-while Loop", "topic_number": 25, "resources_link": null, "created_by": null, "created_at": "2026-03-25T13:22:05.811Z"}}, {"model": "courses.coursetopic", "pk": 30, "fields": {"course": 3, "module": null, "title": "Nested Loops", "description": "Content for Nested Loops", "topic_number": 26, "resources_link": null, "created_by": null, "created_at": "2026-03-25T13:22:05.811Z"}}, {"model": "courses.coursetopic", "pk": 31, "fields": {"course": 3, "module": null, "title": "Functions in C++", "description": "Content for Functions in C++", "topic_number": 27, "resources_link": null, "created_by": null, "created_at": "2026-03-25T13:22:05.812Z"}}, {"model": "courses.coursetopic", "pk": 32, "fields": {"course": 3, "module": null, "title": "Function Declaration & Definition", "description": "Content for Function Declaration & Definition", "topic_number": 28, "resources_link": null, "created_by": null, "created_at": "2026-03-25T13:22:05.812Z"}}, {"model": "courses.coursetopic", "pk": 33, "fields": {"course": 3, "module": null, "title": "Call by Value", "description": "Content for Call by Value", "topic_number": 29, "resources_link": null, "created_by": null, "created_at": "2026-03-25T13:22:05.812Z"}}, {"model": "courses.coursetopic", "pk": 34, "fields": {"course": 3, "module": null, "title": "Call by Reference", "description": "Content for Call by Reference", "topic_number": 30, "resources_link": null, "created_by": null, "created_at": "2026-03-25T13:22:05.813Z"}}, {"model": "courses.coursetopic", "pk": 35, "fields": {"course": 3, "module": null, "title": "Inline Functions", "description": "Content for Inline Functions", "topic_number": 31, "resources_link": null, "created_by": null, "created_at": "2026-03-25T13:22:05.813Z"}}, {"model": "courses.coursetopic", "pk": 36, "fields": {"course": 3, "module": null, "title": "Recursion", "description": "Content for Recursion", "topic_number": 32, "resources_link": null, "created_by": null, "created_at": "2026-03-25T13:22:05.813Z"}}, {"model": "courses.coursetopic", "pk": 37, "fields": {"course": 3, "module": null, "title": "One-Dimensional Array", "description": "Content for One-Dimensional Array", "topic_number": 33, "resources_link": null, "created_by": null, "created_at": "2026-03-25T13:22:05.814Z"}}, {"model": "courses.coursetopic", "pk": 38, "fields": {"course": 3, "module": null, "title": "Two-Dimensional Array", "description": "Content for Two-Dimensional Array", "topic_number": 34, "resources_link": null, "created_by": null, "created_at": "2026-03-25T13:22:05.814Z"}}, {"model": "courses.coursetopic", "pk": 39, "fields": {"course": 3, "module": null, "title": "Array Operations", "description": "Content for Array Operations", "topic_number": 35, "resources_link": null, "created_by": null, "created_at": "2026-03-25T13:22:05.815Z"}}, {"model": "courses.coursetopic", "pk": 40, "fields": {"course": 3, "module": null, "title": "C-style Strings", "description": "Content for C-style Strings", "topic_number": 36, "resources_link": null, "created_by": null, "created_at": "2026-03-25T13:22:05.815Z"}}, {"model": "courses.coursetopic", "pk": 41, "fields": {"course": 3, "module": null, "title": "String Functions", "description": "Content for String Functions", "topic_number": 37, "resources_link": null, "created_by": null, "created_at": "2026-03-25T13:22:05.815Z"}}, {"model": "courses.coursetopic", "pk": 42, "fields": {"course": 3, "module": null, "title": "C++ String Class", "description": "Content for C++ String Class", "topic_number": 38, "resources_link": null, "created_by": null, "created_at": "2026-03-25T13:22:05.816Z"}}, {"model": "courses.coursetopic", "pk": 43, "fields": {"course": 3, "module": null, "title": "Introduction to Pointers", "description": "Content for Introduction to Pointers", "topic_number": 39, "resources_link": null, "created_by": null, "created_at": "2026-03-25T13:22:05.816Z"}}, {"model": "courses.coursetopic", "pk": 44, "fields": {"course": 3, "module": null, "title": "Pointer Arithmetic", "description": "Content for Pointer Arithmetic", "topic_number": 40, "resources_link": null, "created_by": null, "created_at": "2026-03-25T13:22:05.816Z"}}, {"model": "courses.coursetopic", "pk": 45, "fields": {"course": 3, "module": null, "title": "Pointers and Arrays", "description": "Content for Pointers and Arrays", "topic_number": 41, "resources_link": null, "created_by": null, "created_at": "2026-03-25T13:22:05.817Z"}}, {"model": "courses.coursetopic", "pk": 46, "fields": {"course": 3, "module": null, "title": "Pointers and Functions", "description": "Content for Pointers and Functions", "topic_number": 42, "resources_link": null, "created_by": null, "created_at": "2026-03-25T13:22:05.817Z"}}, {"model": "courses.coursetopic", "pk": 47, "fields": {"course": 3, "module": null, "title": "Structures", "description": "Content for Structures", "topic_number": 43, "resources_link": null, "created_by": null, "created_at": "2026-03-25T13:22:05.818Z"}}, {"model": "courses.coursetopic", "pk": 48, "fields": {"course": 3, "module": null, "title": "Unions", "description": "Content for Unions", "topic_number": 44, "resources_link": null, "created_by": null, "created_at": "2026-03-25T13:22:05.818Z"}}, {"model": "courses.coursetopic", "pk": 49, "fields": {"course": 3, "module": null, "title": "Nested Structures", "description": "Content for Nested Structures", "topic_number": 45, "resources_link": null, "created_by": null, "created_at": "2026-03-25T13:22:05.819Z"}}, {"model": "courses.coursetopic", "pk": 50, "fields": {"course": 3, "module": null, "title": "Introduction to OOP", "description": "Content for Introduction to OOP", "topic_number": 46, "resources_link": null, "created_by": null, "created_at": "2026-03-25T13:22:05.819Z"}}, {"model": "courses.coursetopic", "pk": 51, "fields": {"course": 3, "module": null, "title": "Classes and Objects", "description": "Content for Classes and Objects", "topic_number": 47, "resources_link": null, "created_by": null, "created_at": "2026-03-25T13:22:05.820Z"}}, {"model": "courses.coursetopic", "pk": 52, "fields": {"course": 3, "module": null, "title": "Constructors", "description": "Content for Constructors", "topic_number": 48, "resources_link": null, "created_by": null, "created_at": "2026-03-25T13:22:05.820Z"}}, {"model": "courses.coursetopic", "pk": 53, "fields": {"course": 3, "module": null, "title": "Destructors", "description": "Content for Destructors", "topic_number": 49, "resources_link": null, "created_by": null, "created_at": "2026-03-25T13:22:05.820Z"}}, {"model": "courses.coursetopic", "pk": 54, "fields": {"course": 3, "module": null, "title": "Access Specifiers", "description": "Content for Access Specifiers", "topic_number": 50, "resources_link": null, "created_by": null, "created_at": "2026-03-25T13:22:05.821Z"}}, {"model": "courses.coursetopic", "pk": 55, "fields": {"course": 3, "module": null, "title": "Inheritance", "description": "Content for Inheritance", "topic_number": 51, "resources_link": null, "created_by": null, "created_at": "2026-03-25T13:22:05.821Z"}}, {"model": "courses.coursetopic", "pk": 56, "fields": {"course": 3, "module": null, "title": "Types of Inheritance", "description": "Content for Types of Inheritance", "topic_number": 52, "resources_link": null, "created_by": null, "created_at": "2026-03-25T13:22:05.822Z"}}, {"model": "courses.coursetopic", "pk": 57, "fields": {"course": 3, "module": null, "title": "Polymorphism", "description": "Content for Polymorphism", "topic_number": 53, "resources_link": null, "created_by": null, "created_at": "2026-03-25T13:22:05.822Z"}}, {"model": "courses.coursetopic", "pk": 58, "fields": {"course": 3, "module": null, "title": "Function Overloading", "description": "Content for Function Overloading", "topic_number": 54, "resources_link": null, "created_by": null, "created_at": "2026-03-25T13:22:05.822Z"}}, {"model": "courses.coursetopic", "pk": 59, "fields": {"course": 3, "module": null, "title": "Operator Overloading", "description": "Content for Operator Overloading", "topic_number": 55, "resources_link": null, "created_by": null, "created_at": "2026-03-25T13:22:05.823Z"}}, {"model": "courses.coursetopic", "pk": 60, "fields": {"course": 3, "module": null, "title": "Virtual Functions", "description": "Content for Virtual Functions", "topic_number": 56, "resources_link": null, "created_by": null, "created_at": "2026-03-25T13:22:05.823Z"}}, {"model": "courses.coursetopic", "pk": 61, "fields": {"course": 3, "module": null, "title": "File Handling Basics", "description": "Content for File Handling Basics", "topic_number": 57, "resources_link": null, "created_by": null, "created_at": "2026-03-25T13:22:05.824Z"}}, {"model": "courses.coursetopic", "pk": 62, "fields": {"course": 3, "module": null, "title": "File Modes", "description": "Content for File Modes", "topic_number": 58, "resources_link": null, "created_by": null, "created_at": "2026-03-25T13:22:05.824Z"}}, {"model": "courses.coursetopic", "pk": 63, "fields": {"course": 3, "module": null, "title": "Reading from File", "description": "Content for Reading from File", "topic_number": 59, "resources_link": null, "created_by": null, "created_at": "2026-03-25T13:22:05.824Z"}}, {"model": "courses.coursetopic", "pk": 64, "fields": {"course": 3, "module": null, "title": "Writing to File", "description": "Content for Writing to File", "topic_number": 60, "resources_link": null, "created_by": null, "created_at": "2026-03-25T13:22:05.825Z"}}, {"model": "courses.coursetopic", "pk": 65, "fields": {"course": 3, "module": null, "title": "Exception Handling Basics", "description": "Content for Exception Handling Basics", "topic_number": 61, "resources_link": null, "created_by": null, "created_at": "2026-03-25T13:22:05.825Z"}}, {"model": "courses.coursetopic", "pk": 66, "fields": {"course": 3, "module": null, "title": "try, catch, throw", "description": "Content for try, catch, throw", "topic_number": 62, "resources_link": null, "created_by": null, "created_at": "2026-03-25T13:22:05.826Z"}}, {"model": "courses.coursetopic", "pk": 67, "fields": {"course": 3, "module": null, "title": "Introduction to STL", "description": "Content for Introduction to STL", "topic_number": 63, "resources_link": null, "created_by": null, "created_at": "2026-03-25T13:22:05.826Z"}}, {"model": "courses.coursetopic", "pk": 68, "fields": {"course": 3, "module": null, "title": "Vectors", "description": "Content for Vectors", "topic_number": 64, "resources_link": null, "created_by": null, "created_at": "2026-03-25T13:22:05.826Z"}}, {"model": "courses.coursetopic", "pk": 69, "fields": {"course": 3, "module": null, "title": "Lists", "description": "Content for Lists", "topic_number": 65, "resources_link": null, "created_by": null, "created_at": "2026-03-25T13:22:05.827Z"}}, {"model": "courses.coursetopic", "pk": 70, "fields": {"course": 3, "module": null, "title": "Maps", "description": "Content for Maps", "topic_number": 66, "resources_link": null, "created_by": null, "created_at": "2026-03-25T13:22:05.827Z"}}, {"model": "courses.coursetopic", "pk": 71, "fields": {"course": 3, "module": null, "title": "Iterators", "description": "Content for Iterators", "topic_number": 67, "resources_link": null, "created_by": null, "created_at": "2026-03-25T13:22:05.828Z"}}, {"model": "courses.topicprogress", "pk": 1, "fields": {"topic": 1, "student": 9, "trainer": 6, "trainer_marked_taught": true, "trainer_marked_at": "2026-03-10T16:16:07.438Z", "student_marked_understood": true, "student_marked_at": "2026-03-10T16:18:19.574Z"}}, {"model": "courses.topicprogress", "pk": 2, "fields": {"topic": 2, "student": 9, "trainer": 6, "trainer_marked_taught": true, "trainer_marked_at": "2026-03-11T11:31:35.720Z", "student_marked_understood": true, "student_marked_at": "2026-03-11T11:32:00.482Z"}}, {"model": "courses.topicprogress", "pk": 5, "fields": {"topic": 3, "student": 9, "trainer": 6, "trainer_marked_taught": false, "trainer_marked_at": null, "student_marked_understood": false, "student_marked_at": null}}, {"model": "courses.topicprogress", "pk": 6, "fields": {"topic": 4, "student": 9, "trainer": 6, "trainer_marked_taught": false, "trainer_marked_at": null, "student_marked_understood": false, "student_marked_at": null}}, {"model": "courses.topicprogress", "pk": 43, "fields": {"topic": 6, "student": 10, "trainer": 2, "trainer_marked_taught": false, "trainer_marked_at": null, "student_marked_understood": false, "student_marked_at": null}}, {"model": "courses.topicprogress", "pk": 44, "fields": {"topic": 7, "student": 10, "trainer": 2, "trainer_marked_taught": false, "trainer_marked_at": null, "student_marked_understood": false, "student_marked_at": null}}, {"model": "courses.topicprogress", "pk": 77, "fields": {"topic": 5, "student": 10, "trainer": 2, "trainer_marked_taught": false, "trainer_marked_at": null, "student_marked_understood": false, "student_marked_at": null}}, {"model": "courses.topicprogress", "pk": 83, "fields": {"topic": 8, "student": 10, "trainer": 2, "trainer_marked_taught": false, "trainer_marked_at": null, "student_marked_understood": false, "student_marked_at": null}}, {"model": "courses.topicprogress", "pk": 84, "fields": {"topic": 9, "student": 10, "trainer": 2, "trainer_marked_taught": false, "trainer_marked_at": null, "student_marked_understood": false, "student_marked_at": null}}, {"model": "courses.topicprogress", "pk": 85, "fields": {"topic": 10, "student": 10, "trainer": 2, "trainer_marked_taught": false, "trainer_marked_at": null, "student_marked_understood": false, "student_marked_at": null}}, {"model": "courses.topicprogress", "pk": 86, "fields": {"topic": 11, "student": 10, "trainer": 2, "trainer_marked_taught": false, "trainer_marked_at": null, "student_marked_understood": false, "student_marked_at": null}}, {"model": "courses.topicprogress", "pk": 87, "fields": {"topic": 12, "student": 10, "trainer": 2, "trainer_marked_taught": false, "trainer_marked_at": null, "student_marked_understood": false, "student_marked_at": null}}, {"model": "courses.topicprogress", "pk": 88, "fields": {"topic": 13, "student": 10, "trainer": 2, "trainer_marked_taught": false, "trainer_marked_at": null, "student_marked_understood": false, "student_marked_at": null}}, {"model": "courses.topicprogress", "pk": 89, "fields": {"topic": 14, "student": 10, "trainer": 2, "trainer_marked_taught": false, "trainer_marked_at": null, "student_marked_understood": false, "student_marked_at": null}}, {"model": "courses.topicprogress", "pk": 90, "fields": {"topic": 15, "student": 10, "trainer": 2, "trainer_marked_taught": false, "trainer_marked_at": null, "student_marked_understood": false, "student_marked_at": null}}, {"model": "courses.topicprogress", "pk": 91, "fields": {"topic": 16, "student": 10, "trainer": 2, "trainer_marked_taught": false, "trainer_marked_at": null, "student_marked_understood": false, "student_marked_at": null}}, {"model": "courses.topicprogress", "pk": 92, "fields": {"topic": 17, "student": 10, "trainer": 2, "trainer_marked_taught": false, "trainer_marked_at": null, "student_marked_understood": false, "student_marked_at": null}}, {"model": "courses.topicprogress", "pk": 93, "fields": {"topic": 18, "student": 10, "trainer": 2, "trainer_marked_taught": false, "trainer_marked_at": null, "student_marked_understood": false, "student_marked_at": null}}, {"model": "courses.topicprogress", "pk": 94, "fields": {"topic": 19, "student": 10, "trainer": 2, "trainer_marked_taught": false, "trainer_marked_at": null, "student_marked_understood": false, "student_marked_at": null}}, {"model": "courses.topicprogress", "pk": 95, "fields": {"topic": 20, "student": 10, "trainer": 2, "trainer_marked_taught": false, "trainer_marked_at": null, "student_marked_understood": false, "student_marked_at": null}}, {"model": "courses.topicprogress", "pk": 96, "fields": {"topic": 21, "student": 10, "trainer": 2, "trainer_marked_taught": false, "trainer_marked_at": null, "student_marked_understood": false, "student_marked_at": null}}, {"model": "batches.batch", "pk": 1, "fields": {"name": "Master in Cyber security", "course": 1, "module": null, "trainer": 6, "start_date": "2026-03-01", "end_date": "2026-05-31"}}, {"model": "batches.batch", "pk": 3, "fields": {"name": "C Programming", "course": 2, "module": null, "trainer": 6, "start_date": "2026-03-10", "end_date": "2026-04-30"}}, {"model": "batches.batch", "pk": 4, "fields": {"name": "C++ Programming", "course": 3, "module": null, "trainer": 2, "start_date": "2026-03-23", "end_date": null}}, {"model": "enrollments.enrollment", "pk": 1, "fields": {"student": 5, "course": 1, "module": null, "enrollment_type": "FULL", "batch": 1, "enrollment_date": "2026-03-02T18:13:11.241Z"}}, {"model": "enrollments.enrollment", "pk": 2, "fields": {"student": 9, "course": 2, "module": null, "enrollment_type": "FULL", "batch": 3, "enrollment_date": "2026-03-10T15:43:58.486Z"}}, {"model": "enrollments.enrollment", "pk": 3, "fields": {"student": 10, "course": 3, "module": null, "enrollment_type": "FULL", "batch": 4, "enrollment_date": "2026-03-24T11:58:14.741Z"}}, {"model": "assessments.assignment", "pk": 1, "fields": {"title": "xss attack", "description": "xss attach reaseach", "course": 1, "module": null, "batch": 1, "trainer": 6, "due_date": "2026-03-10T12:00:00Z", "max_marks": 10, "created_at": "2026-03-09T17:11:13.945Z"}}, {"model": "assessments.assignmentsubmission", "pk": 1, "fields": {"assignment": 1, "student": 5, "file_upload": "assignment_submissions/C_BASIC_QUESTION_PAPER__2.pages", "submitted_at": "2026-03-09T17:11:46.906Z", "marks_obtained": 10, "feedback": "good work", "status": "REVIEWED"}}, {"model": "assessments.test", "pk": 1, "fields": {"title": "Assignmnet 1 quiz", "course": null, "module": null, "batch": 1, "trainer": null, "total_marks": 100, "duration": 30, "start_time": null, "end_time": null, "passing_marks": 40, "created_at": "2026-03-02T18:15:31.504Z"}}, {"model": "assessments.test", "pk": 2, "fields": {"title": "cryptography", "course": null, "module": null, "batch": 1, "trainer": null, "total_marks": 100, "duration": 30, "start_time": null, "end_time": null, "passing_marks": 20, "created_at": "2026-03-08T15:55:07.715Z"}}, {"model": "assessments.question", "pk": 1, "fields": {"test": 1, "text": "CIA TRIAD c stands for", "question_text": "", "option1": "Confidentiality", "option_a": "", "option2": "cat", "option_b": "", "option3": "car", "option_c": "", "option4": "consistency", "option_d": "", "correct_option": 1, "correct_answer": ""}}, {"model": "assessments.testattempt", "pk": 1, "fields": {"student": 5, "test": 1, "score": 1, "attempted_at": "2026-03-02T18:18:41.152Z", "submitted_at": null}}, {"model": "recommendations.recommendation", "pk": 1, "fields": {"student": 5, "batch": 1, "status": "PENDING", "recommended_by": 6, "created_at": "2026-03-10T08:01:53.130Z"}}, {"model": "attendance.classsession", "pk": 1, "fields": {"batch": 1, "date": "2026-03-04", "topics_covered": "SQL Injection, XSS, Authentication Bypass, Cryptography", "trainer": 6, "created_at": "2026-03-04T11:00:46.475Z"}}, {"model": "attendance.classsession", "pk": 2, "fields": {"batch": 1, "date": "2026-03-10", "topics_covered": "", "trainer": 6, "created_at": "2026-03-10T10:38:15.774Z"}}, {"model": "attendance.classsession", "pk": 3, "fields": {"batch": 3, "date": "2026-03-11", "topics_covered": "", "trainer": 6, "created_at": "2026-03-11T04:43:10.707Z"}}, {"model": "attendance.sessiontopic", "pk": 1, "fields": {"session": 1, "topic_name": "SQL Injection", "trainer_taught": true, "taught_at": "2026-03-04T11:02:52.516Z"}}, {"model": "attendance.sessiontopic", "pk": 2, "fields": {"session": 1, "topic_name": "XSS", "trainer_taught": true, "taught_at": "2026-03-05T09:27:36.988Z"}}, {"model": "attendance.sessiontopic", "pk": 3, "fields": {"session": 1, "topic_name": "Authentication Bypass", "trainer_taught": true, "taught_at": "2026-03-05T09:27:36.992Z"}}, {"model": "attendance.sessiontopic", "pk": 4, "fields": {"session": 1, "topic_name": "Cryptography", "trainer_taught": false, "taught_at": null}}, {"model": "attendance.attendance", "pk": 1, "fields": {"session": 1, "student": 5, "is_present": false, "trainer": null, "course": null, "batch": null, "session_date": null, "status": "PRESENT", "remarks": "", "created_at": "2026-03-10T10:27:48.645Z"}}, {"model": "attendance.attendance", "pk": 2, "fields": {"session": 2, "student": 5, "is_present": true, "trainer": 6, "course": 1, "batch": 1, "session_date": "2026-03-10", "status": "PRESENT", "remarks": "", "created_at": "2026-03-10T10:38:15.781Z"}}, {"model": "attendance.attendance", "pk": 3, "fields": {"session": 3, "student": 9, "is_present": true, "trainer": 6, "course": 2, "batch": 3, "session_date": "2026-03-11", "status": "PRESENT", "remarks": "", "created_at": "2026-03-11T04:43:10.714Z"}}, {"model": "attendance.topicacknowledgement", "pk": 1, "fields": {"session_topic": 1, "student": 5, "student_understood": true, "understood_at": "2026-03-04T11:00:46.500Z"}}, {"model": "attendance.topicacknowledgement", "pk": 2, "fields": {"session_topic": 2, "student": 5, "student_understood": true, "understood_at": "2026-03-05T06:14:47.623Z"}}, {"model": "attendance.topicacknowledgement", "pk": 3, "fields": {"session_topic": 3, "student": 5, "student_understood": true, "understood_at": "2026-03-05T09:28:02.406Z"}}, {"model": "attendance.topicacknowledgement", "pk": 4, "fields": {"session_topic": 4, "student": 5, "student_understood": false, "understood_at": null}}, {"model": "attendance.attendancesession", "pk": 1, "fields": {"course": 2, "module": null, "topic": null, "batch": 3, "trainer": 6, "session_date": "2026-03-12", "created_at": "2026-03-12T13:19:05.494Z"}}, {"model": "attendance.attendancerecord", "pk": 1, "fields": {"session": 1, "module": null, "student": 9, "status": "PRESENT", "marked_at": "2026-03-12T13:19:05.503Z"}}]
